date,open,high,low,close,volume
2026-02-16,403.76,403.76,394.525,397.68,8987829.0
2026-02-17,397.83,401.94,394.701,401.84,23113143.0
2026-02-18,401.91,404.43,397.88,400.74,20057905.0
2026-02-19,400.76,401.08,395.16,399.68,26638438.0
2026-02-20,399.64,400.12,395.97,397.0,16990711.0
2026-02-22,397.06,397.31,385.524,385.64,16105251.130162
2026-02-23,385.655,389.36,381.71,386.8,34159820.719939
2026-02-24,386.86,400.25,385.6,398.75,29548799.69406
2026-02-25,398.62,407.49,396.0,402.06,34042014.92271
2026-02-26,402.13,404.1799,389.8,395.93,26788694.287733
2026-02-27,395.97,396.82,390.15,394.1697,20928709.703148
2026-03-01,389.28,399.75,385.73,399.435,11219673.311415
2026-03-02,399.34,401.19,389.5,396.075,24122155.220225003
2026-03-03,395.9,406.7,395.83,405.19,30129240.035374995
2026-03-04,405.19,411.61,402.4092,407.05,29887819.265203
2026-03-05,407.13,413.05,405.2,411.185,29117018.595686004
2026-03-06,410.99,412.87,407.0801,407.61,16633994.879632
2026-03-08,404.99,409.17,397.52,408.25,11595514.408180002
2026-03-09,408.15,411.64,402.93,406.6,24522026.956668
2026-03-10,406.375,409.01,401.59,403.09,25147123.229792
2026-03-11,402.77,405.81,400.8,403.92,17180075.785416
2026-03-12,403.9,406.12,395.4,395.62,22794188.161041
2026-03-13,395.53,397.385,394.25,395.1,11681240.946095001
2026-03-15,396.07,399.29,394.79,398.22,9656764.500492
2026-03-16,398.15,404.4,397.01,398.86,21635747.387788
2026-03-17,398.79,401.89,394.33,394.97,16860065.066705998
2026-03-18,394.92,395.14,388.01,389.6,22084497.999893002
2026-03-19,389.58,391.0,382.26,384.28,27290782.639046
2026-03-20,384.28,385.35,380.12,383.51,16376641.476316998
2026-03-22,383.5,391.0,376.4,383.44,11056208.418784
2026-03-23,383.57,386.21,372.28,372.675,30709781.846964
2026-03-24,372.74,379.69,369.74,370.53,31644432.495501
2026-03-25,370.38,374.7199,367.74,368.0,28768875.887889
2026-03-26,367.865,368.65,356.58,360.21,32424201.615640007
2026-03-27,360.28,360.71,356.07,356.15,15980388.516181001
2026-03-29,356.99,365.36,354.45,363.72,15843738.121716002
2026-03-30,363.73,368.15,356.28,363.93,33629698.52301
2026-03-31,363.85,376.55,363.67,372.21,33152480.007465
2026-04-01,372.16,372.89,363.25,370.29,20616625.886834
2026-04-02,370.285,374.25,369.395,373.3999,10017061.565999001
2026-04-05,374.25,376.58,369.5014,371.59,6615570.765842
2026-04-06,371.595,374.7,366.56,369.23,14175585.244102
2026-04-07,369.29,386.29,368.65,378.54,23622873.217636
2026-04-08,378.53,379.0,367.05,370.23,26893654.709887
2026-04-09,370.16,375.64,368.85,370.73,25032170.765457
2026-04-10,370.73,372.42,370.03,371.6999,11315617.561471999
2026-04-12,371.99,381.1299,366.92,379.875,14429901.094823001
2026-04-13,379.89,394.4699,373.69,393.55,31571943.800551005
2026-04-14,393.61,408.89,390.3141,407.195,34268614.543545
2026-04-15,406.94,420.92,406.825,419.41,39296272.21208301
2026-04-16,419.53,431.59,417.01,428.19,39404658.037619
2026-04-17,428.08,429.4799,420.69,422.34,18334430.346765
2026-04-19,422.54,423.846,415.27,417.465,11787738.502644
2026-04-20,417.41,427.18,416.73,426.165,24611336.841932002
2026-04-21,426.19,433.19,423.0,431.61,27052635.510018002
2026-04-22,431.79,433.94,415.8,419.25,29294389.406307
2026-04-23,419.39,422.26,411.4101,419.665,26568743.336624
2026-04-24,419.63,424.95,418.25,423.88,12113165.149806999
2026-04-26,424.3,428.12,404.61,422.35,13229451.838921001
2026-04-27,422.31,428.08,418.0,427.67,23096961.422403
2026-04-28,427.67,429.92,421.78,424.295,25004804.477401003
2026-04-29,424.36,445.24,400.13,402.75,53616422.07242
2026-04-30,402.57,417.11,398.0,415.8,43590556.215674005
2026-05-01,415.985,417.1,412.28,413.2416,12272782.939594
2026-05-03,414.0,420.78,410.5,414.89,12291676.431261
2026-05-04,415.01,416.7799,409.168,409.37,22222505.370133
2026-05-05,409.35,418.4228,405.11,415.2,25852897.471711
2026-05-06,415.13,427.98,412.2,425.355,23198074.823553
2026-05-07,425.47,425.5,414.36,415.93,27764009.462807003
2026-05-08,416.085,417.4,413.99,415.0996,15027013.055426
2026-05-10,415.31,415.99,405.5,410.7,13220715.446578002
2026-05-11,410.4,415.5,406.64,408.71,25599201.15113
2026-05-12,408.69,410.44,401.03,404.29,26771940.030768003
2026-05-13,404.28,411.84,400.88,409.0,25327310.968505
2026-05-14,409.0,426.3199,405.16,421.64,33492998.829809997
2026-05-15,422.19,428.17,419.5204,419.6743,20165526.344733
2026-05-17,419.0,424.16,415.61,418.62,12247539.564175999
2026-05-18,418.73,432.7,417.7,419.25,30108030.733306997
2026-05-19,419.33,420.0999,411.3001,417.24,22753463.55726
2026-05-20,417.3,433.02,415.71,418.16,24073649.255664
2026-05-21,418.29,424.4,416.02,419.89,21410030.406098
2026-05-22,419.88,420.47,417.25,417.7981,8088610.983959001
2026-05-25,419.99,421.03,413.12,415.005,14104400.572031
2026-05-26,415.08,416.35,409.58,412.91,23128636.205833
2026-05-27,412.96,429.49,411.21,424.99,32175518.597414006
2026-05-28,424.96,445.64,422.7,442.66,38040989.393683
2026-05-29,442.81,450.33,441.36,449.94,24813118.466438998
2026-05-31,456.52,472.0,451.324,460.522,27020330.736744
2026-06-01,460.47,464.135,442.36,443.874,35528013.235853
2026-06-02,443.88,446.18,425.865,427.024,31325616.783301
2026-06-03,427.025,436.06,424.25,429.14,26926560.43098
2026-06-04,429.134,431.11,420.51,421.067,21211383.402857002
2026-06-05,420.76,421.49,412.306,412.432,16368075.560091
2026-06-07,413.01,416.99,410.34,410.379,11642031.362732003
2026-06-08,410.381,413.24,401.69,402.031,26280537.968304
2026-06-09,402.015,405.0,396.903,402.847,27375114.652041998
2026-06-10,402.61,403.79,386.14,386.481,28325524.907222
2026-06-11,386.455,394.63,382.26,387.182,40471512.215086
2026-06-12,387.19,391.74,386.53,390.49,13804789.921382
2026-06-13,390.31,390.31,390.31,390.31,0.0318
2026-06-14,393.78,400.91,390.65,400.875,13645093.146307
2026-06-15,400.865,401.75,390.99,392.971,21616428.112112
2026-06-16,392.815,394.51,384.63,385.41,24941149.162727997
2026-06-17,385.404,386.055,373.32,377.919,46099003.990854
2026-06-18,377.88,381.36,376.595,378.65,17569257.577377997
2026-06-19,378.7,380.16,377.64,379.16,9.7671
2026-06-20,379.29,380.06,379.06,379.49,10.6955
2026-06-21,380.11,381.5,370.4,370.515,16256715.743600998
2026-06-22,370.6,377.18,365.67,373.356,35965625.495081
2026-06-23,373.45,378.88,369.821,374.089,28934773.17806
2026-06-24,374.092,374.572,353.74,355.615,41550106.956842996
2026-06-25,355.575,371.51,349.195,370.11,66567055.007838
2026-06-26,370.155,376.6,367.51,373.75,58559208.212045
2026-06-27,374.32,375.24,373.75,375.0,13.2783
2026-06-28,375.0,383.13,370.25,371.567,39798904.981938004
2026-06-29,371.605,372.6,366.85,370.325,43214291.141866
2026-06-30,370.555,387.78,369.84,385.77,50110558.51311601
2026-07-01,385.885,390.555,381.0,389.13,43838864.30523001
2026-07-02,389.122,392.97,388.43,390.8,26665289.200113997
2026-07-03,390.81,391.54,390.1,390.9,12.1751
2026-07-04,390.9,390.9,389.71,390.5,5.6381
2026-07-05,390.5,393.0,381.325,386.08,12894816.374813
2026-07-06,386.03,395.55,383.69,393.72,34486813.930072
2026-07-07,393.8,394.85,381.34,382.705,24849577.462387
2026-07-08,382.75,385.04,373.38,380.095,30477984.558946
2026-07-09,380.12,391.85,378.99,384.14,29451941.250512008
2026-07-10,384.2,385.821,383.165,385.09,14476944.531635998
2026-07-11,385.09,385.09,384.22,384.57,1.0078
2026-07-12,384.85,391.24,383.16,390.561,14307696.65003
2026-07-13,390.5,393.64,377.55,384.765,31026136.687241
2026-07-14,384.76,397.895,383.91,397.33,29925416.859279003
2026-07-15,397.28,402.01,392.14,400.413,50145121.61237
2026-07-16,400.45,405.97,389.42,392.535,41906900.165055
2026-07-17,392.529,395.97,391.157,394.25,17713699.252741
2026-07-18,394.8,396.09,394.25,395.3,12.5199
2026-07-19,396.14,399.17,388.639,398.94,9997798.916243998
2026-07-20,398.98,403.16,396.36,398.57,31602481.046423998
2026-07-21,398.535,401.0,388.12,389.49,24080152.708949
2026-07-22,389.495,391.73,377.39,379.6,34886636.536364
2026-07-23,379.6,388.99,379.44,383.9,29438006.857003998
2026-07-24,383.905,385.3,380.827,380.9,15408969.576100996
2026-07-25,380.98,381.71,380.23,380.45,13.7332
2026-07-26,380.66,393.87,380.66,390.312,16013417.822423
2026-07-27,390.3,400.31,387.76,397.845,30317931.967503004
2026-07-28,397.855,399.51,388.735,394.74,29375768.360575996
2026-07-29,394.759,452.22,389.38,449.92,94743981.120092
2026-07-30,449.91,463.53,444.99,463.085,87876328.466957
2026-07-31,463.065,466.82,460.01,460.75,38980563.320401
2026-08-01,461.05,461.05,460.0,460.35,12.271
2026-08-02,460.46,491.32,460.46,486.4,34488281.328476
2026-08-03,486.46,499.34,475.59,497.515,61211996.256979994
2026-08-04,497.523,498.99,487.23,488.777,53161296.168074
2026-08-05,488.767,498.915,481.793,495.438,42280446.068017
2026-08-06,495.53,505.1,493.5,503.56,32469374.194568004
2026-08-07,503.558,503.765,498.74,499.45,23659753.744147
2026-08-08,499.45,499.57,499.16,499.37,10.8582
2026-08-09,499.37,513.72,498.07,510.682,17384556.846235
2026-08-10,510.77,511.131,499.76,501.214,33964381.771831
2026-08-11,501.214,504.28,491.975,492.781,29020648.878444
2026-08-12,492.783,501.31,488.53,494.9,28764757.760339
2026-08-13,494.935,500.0,493.03,498.387,24501950.379954
2026-08-14,498.595,498.595,494.617,496.18,10122995.376721999
2026-08-15,496.21,496.38,494.13,495.56,22.0901
2026-08-16,495.16,496.22,481.71,485.0,10766317.371861001
2026-08-17,485.01,485.12,477.18,481.63,28030551.187970996
2026-08-18,481.64,489.19,477.1,488.724,29027950.001454
2026-08-19,488.68,489.1,479.525,480.695,12371098.399822
2026-08-20,480.696,486.36,478.92,485.43,23796097.159801003
2026-08-21,485.455,485.478,480.765,482.65,17174459.188257
2026-08-22,482.65,483.4,481.39,483.21,12.2267
2026-08-23,483.21,489.86,481.9,489.38,6371762.623202
2026-08-24,489.34,490.55,483.851,489.173,28794999.17077
2026-08-25,489.184,497.085,487.276,493.995,21944354.47979
2026-08-26,493.986,505.49,490.12,499.415,24430622.502628002
2026-08-27,499.45,516.29,498.685,514.61,29747972.717116
2026-08-28,514.639,517.75,512.129,513.91,20825727.608496
2026-08-29,513.91,514.66,513.09,514.55,69.7735
2026-08-30,514.62,515.06,507.41,509.86,8024912.112701999
2026-08-31,509.82,512.19,496.841,500.82,31006680.066993
2026-09-01,500.99,502.07,493.94,494.76,19854620.045552
2026-09-02,494.715,514.85,493.82,514.67,25938772.803736
2026-09-03,507.8,510.6,499.65,501.01,28056287.178634
2026-09-04,499.53,499.78,498.19,499.78,14.3866
2026-09-05,499.79,501.5,499.53,501.19,52.0802
2026-09-06,501.69,501.69,497.87,497.87,49.4457
2026-09-07,499.23,499.23,490.19,492.71,6865301.520973
2026-09-08,492.71,495.06,489.8,492.14,19225622.332785
2026-09-09,492.085,493.71,486.0,491.39,14729758.831823
2026-09-10,491.35,498.97,488.5,494.565,18047471.946046
2026-09-11,494.565,497.5,492.36,495.43,9955754.460862
2026-09-12,495.46,495.71,492.25,492.3,29.633
2026-09-13,492.9,505.68,490.7,504.055,10280098.889727
2026-09-14,504.1,509.93,498.1,501.0307,22217292.748003
2026-09-15,501.045,501.47,491.13,494.04,18541432.769433
2026-09-16,494.065,501.47,487.1828,497.04,13271722.612421
2026-09-17,497.06,499.45,491.1,493.575,16633380.19987
2026-09-18,493.84,494.19,493.74,494.19,3.1923
2026-09-19,494.19,494.57,494.0,494.14,7.7733
2026-09-20,494.99,497.39,491.33,493.99,8404422.396788
2026-09-21,493.99,504.6988,493.165,503.98,17240742.031451
